column,missing_count
config_name,0
run_number,0
window_start_s,0
window_end_s,0
label,0
controller_delay_mean_s,0
controller_delay_max_s,0
controller_delay_last_s,0
controller_packet_error_rate_mean,0
controller_packet_error_rate_max,0
controller_packet_error_rate_last,0
receiver_app0_packet_count,0
receiver_app0_seq_progress,0
receiver_app0_last_seq,30
receiver_app0_e2e_delay_mean_s,30
receiver_app0_e2e_delay_max_s,30
receiver_app0_throughput_mean_bps,0
receiver_app0_throughput_last_bps,0
receiver_app1_packet_count,0
receiver_app1_seq_progress,0
receiver_app1_last_seq,36
receiver_app1_e2e_delay_mean_s,36
receiver_app1_e2e_delay_max_s,36
receiver_app1_throughput_mean_bps,0
receiver_app1_throughput_last_bps,0
receiver_total_packet_count,0
